record_id,patient_id,sample_id,cancer_type_raw,cancer_type_normalized,source_system,source_record_id,gene_raw,gene_normalized_expected,variant_raw,variant_normalized_expected,variant_category,hgvs_c_expected,clinical_significance_hint,drug_association_hint,evidence_sources_available,clinvar_evidence_hint,civic_evidence_hint,source_text,ambiguity_flag,expected_action,confidence_seed
OR-0001,NSCLC-P001,NSCLC-S001,Lung Adenocarcinoma,Non-Small Cell Lung Cancer,cbioportal_like_tsv,CBIOPORTAL_LIKE_TSV-0001,BRAF,BRAF,p.V600E,p.Val600Glu,SNV,c.1799T>A,oncogenic/actionable,dabrafenib + trametinib,HGNC; HGVS; ClinVar; CIViC; source_text,BRAF V600E reported as pathogenic/oncogenic,Predictive biomarker for BRAF/MEK inhibitor sensitivity in selected cancers including NSCLC,Report finding: BRAF p.V600E detected in a Lung Adenocarcinoma tumor specimen.,auto,auto_reconcile,0.93
OR-0002,NSCLC-P001,NSCLC-S002,Lung Adenocarcinoma,Non-Small Cell Lung Cancer,manual_csv,MANUAL_CSV-0002,EGFR,EGFR,p.Leu858Arg,p.Leu858Arg,SNV,c.2573T>G,pathogenic/actionable,osimertinib,HGNC; HGVS; ClinVar; CIViC; source_text,Pathogenic EGFR activating mutation,Predictive biomarker for EGFR inhibitor sensitivity in NSCLC,Report finding: EGFR p.Leu858Arg detected in a NSCLC tumor specimen.,auto,auto_reconcile,0.73
OR-0003,NSCLC-P002,NSCLC-S003,NSCLC,Non-Small Cell Lung Cancer,synthetic_pdf,SYNTHETIC_PDF-0003,ALK,ALK,ALK positive,ALK fusion,fusion,NA,fusion/actionable,alectinib; crizotinib; lorlatinib,HGNC; HGVS; ClinVar; CIViC; source_text,Structural fusion evidence may be assay/report based rather than simple SNV ClinVar record,Predictive biomarker for ALK inhibitor sensitivity in NSCLC,Report finding: ALK ALK positive detected in a Lung Adenocarcinoma tumor specimen.,human_review_for_partner,needs_human_review,0.86
OR-0004,NSCLC-P002,NSCLC-S004,NSCLC,Non-Small Cell Lung Cancer,synthetic_pdf,SYNTHETIC_PDF-0004,EGFR,EGFR,c.2235_2249del,p.E746_A750del,deletion,c.2235_2249del,pathogenic/actionable,osimertinib; erlotinib; gefitinib,HGNC; HGVS; ClinVar; CIViC; source_text,Pathogenic/Likely pathogenic reported for EGFR exon 19 deletion representations,Predictive biomarker for sensitivity to EGFR tyrosine kinase inhibitors in NSCLC,Report finding: EGFR c.2235_2249del detected in a Lung Adenocarcinoma tumor specimen.,human_review_if_generic_exon19del,needs_human_review,0.87
OR-0005,NSCLC-P003,NSCLC-S005,Lung Adenocarcinoma,Non-Small Cell Lung Cancer,tcga_like_maf,TCGA_LIKE_MAF-0005,ALK,ALK,ALK rearrangement,ALK fusion,fusion,NA,fusion/actionable,alectinib; crizotinib; lorlatinib,HGNC; HGVS; ClinVar; CIViC; source_text,Structural fusion evidence may be assay/report based rather than simple SNV ClinVar record,Predictive biomarker for ALK inhibitor sensitivity in NSCLC,Report finding: ALK ALK rearrangement detected in a NSCLC tumor specimen.,human_review_for_partner,needs_human_review,0.8
OR-0006,NSCLC-P003,NSCLC-S006,Non-small cell lung cancer,Non-Small Cell Lung Cancer,synthetic_pdf,SYNTHETIC_PDF-0006,EGFR,EGFR,EGFR resistance mutation,p.Thr790Met,SNV,c.2369C>T,resistance/actionable,osimertinib,HGNC; HGVS; ClinVar; CIViC; source_text,EGFR T790M reported as clinically significant resistance mutation,Resistance biomarker for earlier-generation EGFR inhibitors; targetable by osimertinib,Report finding: EGFR EGFR resistance mutation detected in a NSCLC tumor specimen.,auto,auto_reconcile,0.75
OR-0007,NSCLC-P004,NSCLC-S007,Lung Adenocarcinoma,Non-Small Cell Lung Cancer,synthetic_pdf,SYNTHETIC_PDF-0007,ERBB2,ERBB2,ERBB2 amp,ERBB2 amplification,amplification,copy number gain,copy_number/actionable_contextual,trastuzumab deruxtecan context,HGNC; HGVS; ClinVar; CIViC; source_text,Copy-number evidence usually assay/report based,ERBB2/HER2 alteration may support HER2-targeted therapy evidence depending on context,Report finding: ERBB2 ERBB2 amp detected in a Lung Adenocarcinoma tumor specimen.,auto_gene_alias_needed,auto_reconcile,0.88
OR-0008,NSCLC-P004,NSCLC-S008,LUAD,Non-Small Cell Lung Cancer,genie_like_maf,GENIE_LIKE_MAF-0008,ROS-1,ROS1,ROS1 positive,ROS1 fusion,fusion,NA,fusion/actionable,crizotinib; entrectinib,HGNC; HGVS; ClinVar; CIViC; source_text,Fusion evidence often comes from clinical report/knowledgebase rather than SNV record,Predictive biomarker for ROS1 inhibitor sensitivity in NSCLC,Report finding: ROS-1 ROS1 positive detected in a LUAD tumor specimen.,human_review_for_partner,needs_human_review,0.81
OR-0009,NSCLC-P005,NSCLC-S009,Lung Adenocarcinoma,Non-Small Cell Lung Cancer,tcga_like_maf,TCGA_LIKE_MAF-0009,KRAS,KRAS,p.G12C,p.Gly12Cys,SNV,c.34G>T,oncogenic/actionable,sotorasib; adagrasib,HGNC; HGVS; ClinVar; CIViC; source_text,KRAS G12C reported as pathogenic/oncogenic in cancer contexts,Predictive biomarker for KRAS G12C inhibitors in NSCLC,Report finding: KRAS p.G12C detected in a Non-small cell lung cancer tumor specimen.,auto,auto_reconcile,0.86
OR-0010,NSCLC-P005,NSCLC-S010,Lung Adenocarcinoma,Non-Small Cell Lung Cancer,genie_like_maf,GENIE_LIKE_MAF-0010,BRAF,BRAF,c.1799T>A,p.Val600Glu,SNV,c.1799T>A,oncogenic/actionable,dabrafenib + trametinib,HGNC; HGVS; ClinVar; CIViC; source_text,BRAF V600E reported as pathogenic/oncogenic,Predictive biomarker for BRAF/MEK inhibitor sensitivity in selected cancers including NSCLC,Report finding: BRAF c.1799T>A detected in a Lung Adenocarcinoma tumor specimen.,auto,auto_reconcile,0.85
OR-0011,NSCLC-P006,NSCLC-S011,LUAD,Non-Small Cell Lung Cancer,tcga_like_maf,TCGA_LIKE_MAF-0011,EGFR,EGFR,p.Thr790Met,p.Thr790Met,SNV,c.2369C>T,resistance/actionable,osimertinib,HGNC; HGVS; ClinVar; CIViC; source_text,EGFR T790M reported as clinically significant resistance mutation,Resistance biomarker for earlier-generation EGFR inhibitors; targetable by osimertinib,Report finding: EGFR p.Thr790Met detected in a LUAD tumor specimen.,auto,auto_reconcile,0.73
OR-0012,NSCLC-P006,NSCLC-S012,Non-small cell lung cancer,Non-Small Cell Lung Cancer,manual_csv,MANUAL_CSV-0012,RET,RET,RET rearrangement,RET fusion,fusion,NA,fusion/actionable,selpercatinib; pralsetinib,HGNC; HGVS; ClinVar; CIViC; source_text,Fusion evidence often comes from report/knowledgebase,Predictive biomarker for RET inhibitor sensitivity in NSCLC,Report finding: RET RET rearrangement detected in a Non-small cell lung cancer tumor specimen.,human_review_for_partner,needs_human_review,0.9
OR-0013,NSCLC-P007,NSCLC-S013,Lung Adenocarcinoma,Non-Small Cell Lung Cancer,cbioportal_like_tsv,CBIOPORTAL_LIKE_TSV-0013,ERBB-2,ERBB2,ERBB-2 amplification,ERBB2 amplification,amplification,copy number gain,copy_number/actionable_contextual,trastuzumab deruxtecan context,HGNC; HGVS; ClinVar; CIViC; source_text,Copy-number evidence usually assay/report based,ERBB2/HER2 alteration may support HER2-targeted therapy evidence depending on context,Report finding: ERBB-2 ERBB-2 amplification detected in a Lung Adenocarcinoma tumor specimen.,auto_gene_alias_needed,auto_reconcile,0.97
OR-0014,NSCLC-P007,NSCLC-S014,LUAD,Non-Small Cell Lung Cancer,genie_like_maf,GENIE_LIKE_MAF-0014,ROS1,ROS1,ROS1 rearrangement,ROS1 fusion,fusion,NA,fusion/actionable,crizotinib; entrectinib,HGNC; HGVS; ClinVar; CIViC; source_text,Fusion evidence often comes from clinical report/knowledgebase rather than SNV record,Predictive biomarker for ROS1 inhibitor sensitivity in NSCLC,Report finding: ROS1 ROS1 rearrangement detected in a Non-small cell lung cancer tumor specimen.,human_review_for_partner,needs_human_review,0.91
OR-0015,NSCLC-P008,NSCLC-S015,LUAD,Non-Small Cell Lung Cancer,synthetic_pdf,SYNTHETIC_PDF-0015,RET,RET,KIF5B::RET,RET fusion,fusion,NA,fusion/actionable,selpercatinib; pralsetinib,HGNC; HGVS; ClinVar; CIViC; source_text,Fusion evidence often comes from report/knowledgebase,Predictive biomarker for RET inhibitor sensitivity in NSCLC,Report finding: RET KIF5B::RET detected in a Non-small cell lung cancer tumor specimen.,human_review_for_partner,needs_human_review,0.76
OR-0016,NSCLC-P008,NSCLC-S016,NSCLC,Non-Small Cell Lung Cancer,synthetic_pdf,SYNTHETIC_PDF-0016,EGFR,EGFR,c.2573T>G,p.Leu858Arg,SNV,c.2573T>G,pathogenic/actionable,osimertinib,HGNC; HGVS; ClinVar; CIViC; source_text,Pathogenic EGFR activating mutation,Predictive biomarker for EGFR inhibitor sensitivity in NSCLC,Report finding: EGFR c.2573T>G detected in a Non-small cell lung cancer tumor specimen.,auto,auto_reconcile,0.75
OR-0017,NSCLC-P009,NSCLC-S017,LUAD,Non-Small Cell Lung Cancer,cbioportal_like_tsv,CBIOPORTAL_LIKE_TSV-0017,KRAS,KRAS,c.34G>T,p.Gly12Cys,SNV,c.34G>T,oncogenic/actionable,sotorasib; adagrasib,HGNC; HGVS; ClinVar; CIViC; source_text,KRAS G12C reported as pathogenic/oncogenic in cancer contexts,Predictive biomarker for KRAS G12C inhibitors in NSCLC,Report finding: KRAS c.34G>T detected in a Lung Adenocarcinoma tumor specimen.,auto,auto_reconcile,0.76
OR-0018,NSCLC-P009,NSCLC-S018,NSCLC,Non-Small Cell Lung Cancer,genie_like_maf,GENIE_LIKE_MAF-0018,ALK,ALK,EML4::ALK,ALK fusion,fusion,NA,fusion/actionable,alectinib; crizotinib; lorlatinib,HGNC; HGVS; ClinVar; CIViC; source_text,Structural fusion evidence may be assay/report based rather than simple SNV ClinVar record,Predictive biomarker for ALK inhibitor sensitivity in NSCLC,Report finding: ALK EML4::ALK detected in a LUAD tumor specimen.,human_review_for_partner,needs_human_review,0.94
OR-0019,NSCLC-P010,NSCLC-S019,LUAD,Non-Small Cell Lung Cancer,genie_like_maf,GENIE_LIKE_MAF-0019,KRAS,KRAS,c.35G>A,p.Gly12Asp,SNV,c.35G>A,oncogenic,clinical trial context,HGNC; HGVS; ClinVar; CIViC; source_text,KRAS G12D reported as oncogenic/pathogenic in cancer contexts,Oncogenic driver; treatment evidence depends on tumor context and trial availability,Report finding: KRAS c.35G>A detected in a NSCLC tumor specimen.,auto,auto_reconcile,0.76
OR-0020,NSCLC-P010,NSCLC-S020,NSCLC,Non-Small Cell Lung Cancer,tcga_like_maf,TCGA_LIKE_MAF-0020,EGFR,EGFR,p.T790M,p.Thr790Met,SNV,c.2369C>T,resistance/actionable,osimertinib,HGNC; HGVS; ClinVar; CIViC; source_text,EGFR T790M reported as clinically significant resistance mutation,Resistance biomarker for earlier-generation EGFR inhibitors; targetable by osimertinib,Report finding: EGFR p.T790M detected in a Lung Adenocarcinoma tumor specimen.,auto,auto_reconcile,0.85
OR-0021,NSCLC-P011,NSCLC-S021,Lung Adenocarcinoma,Non-Small Cell Lung Cancer,genie_like_maf,GENIE_LIKE_MAF-0021,ERBB2,ERBB2,ERBB2 amp,ERBB2 amplification,amplification,copy number gain,copy_number/actionable_contextual,trastuzumab deruxtecan context,HGNC; HGVS; ClinVar; CIViC; source_text,Copy-number evidence usually assay/report based,ERBB2/HER2 alteration may support HER2-targeted therapy evidence depending on context,Report finding: ERBB2 ERBB2 amp detected in a NSCLC tumor specimen.,auto_gene_alias_needed,auto_reconcile,0.83
OR-0022,NSCLC-P011,NSCLC-S022,Non-small cell lung cancer,Non-Small Cell Lung Cancer,manual_csv,MANUAL_CSV-0022,BRAF,BRAF,BRAF V600E,p.Val600Glu,SNV,c.1799T>A,oncogenic/actionable,dabrafenib + trametinib,HGNC; HGVS; ClinVar; CIViC; source_text,BRAF V600E reported as pathogenic/oncogenic,Predictive biomarker for BRAF/MEK inhibitor sensitivity in selected cancers including NSCLC,Report finding: BRAF BRAF V600E detected in a NSCLC tumor specimen.,auto,auto_reconcile,0.9
OR-0023,NSCLC-P012,NSCLC-S023,LUAD,Non-Small Cell Lung Cancer,synthetic_pdf,SYNTHETIC_PDF-0023,MET,MET,MET exon 14 deletion,MET exon 14 skipping,splice,various splice-site alterations,splice/actionable,capmatinib; tepotinib,HGNC; HGVS; ClinVar; CIViC; source_text,MET exon 14 skipping can arise from multiple splice-region variants,Predictive biomarker for MET inhibitor sensitivity in NSCLC,Report finding: MET MET exon 14 deletion detected in a LUAD tumor specimen.,human_review_due_to_multiple_variants,needs_human_review,0.82
OR-0024,NSCLC-P012,NSCLC-S024,LUAD,Non-Small Cell Lung Cancer,cbioportal_like_tsv,CBIOPORTAL_LIKE_TSV-0024,ALK,ALK,ALK rearrangement,ALK fusion,fusion,NA,fusion/actionable,alectinib; crizotinib; lorlatinib,HGNC; HGVS; ClinVar; CIViC; source_text,Structural fusion evidence may be assay/report based rather than simple SNV ClinVar record,Predictive biomarker for ALK inhibitor sensitivity in NSCLC,Report finding: ALK ALK rearrangement detected in a Lung Adenocarcinoma tumor specimen.,human_review_for_partner,needs_human_review,0.77
OR-0025,NSCLC-P013,NSCLC-S025,Lung Adenocarcinoma,Non-Small Cell Lung Cancer,tcga_like_maf,TCGA_LIKE_MAF-0025,KRAS,KRAS,c.34G>T,p.Gly12Cys,SNV,c.34G>T,oncogenic/actionable,sotorasib; adagrasib,HGNC; HGVS; ClinVar; CIViC; source_text,KRAS G12C reported as pathogenic/oncogenic in cancer contexts,Predictive biomarker for KRAS G12C inhibitors in NSCLC,Report finding: KRAS c.34G>T detected in a Non-small cell lung cancer tumor specimen.,auto,auto_reconcile,0.88
OR-0026,NSCLC-P013,NSCLC-S026,NSCLC,Non-Small Cell Lung Cancer,manual_csv,MANUAL_CSV-0026,EGFR,EGFR,L858R,p.Leu858Arg,SNV,c.2573T>G,pathogenic/actionable,osimertinib,HGNC; HGVS; ClinVar; CIViC; source_text,Pathogenic EGFR activating mutation,Predictive biomarker for EGFR inhibitor sensitivity in NSCLC,Report finding: EGFR L858R detected in a Lung Adenocarcinoma tumor specimen.,auto,auto_reconcile,0.97
OR-0027,NSCLC-P014,NSCLC-S027,LUAD,Non-Small Cell Lung Cancer,tcga_like_maf,TCGA_LIKE_MAF-0027,HER2,ERBB2,HER2 amplification,ERBB2 amplification,amplification,copy number gain,copy_number/actionable_contextual,trastuzumab deruxtecan context,HGNC; HGVS; ClinVar; CIViC; source_text,Copy-number evidence usually assay/report based,ERBB2/HER2 alteration may support HER2-targeted therapy evidence depending on context,Report finding: HER2 HER2 amplification detected in a NSCLC tumor specimen.,auto_gene_alias_needed,auto_reconcile,0.88
OR-0028,NSCLC-P014,NSCLC-S028,LUAD,Non-Small Cell Lung Cancer,genie_like_maf,GENIE_LIKE_MAF-0028,BRAF,BRAF,BRAF V600E,p.Val600Glu,SNV,c.1799T>A,oncogenic/actionable,dabrafenib + trametinib,HGNC; HGVS; ClinVar; CIViC; source_text,BRAF V600E reported as pathogenic/oncogenic,Predictive biomarker for BRAF/MEK inhibitor sensitivity in selected cancers including NSCLC,Report finding: BRAF BRAF V600E detected in a Lung Adenocarcinoma tumor specimen.,auto,auto_reconcile,0.75
OR-0029,NSCLC-P015,NSCLC-S029,Non-small cell lung cancer,Non-Small Cell Lung Cancer,cbioportal_like_tsv,CBIOPORTAL_LIKE_TSV-0029,ROS-1,ROS1,CD74::ROS1,ROS1 fusion,fusion,NA,fusion/actionable,crizotinib; entrectinib,HGNC; HGVS; ClinVar; CIViC; source_text,Fusion evidence often comes from clinical report/knowledgebase rather than SNV record,Predictive biomarker for ROS1 inhibitor sensitivity in NSCLC,Report finding: ROS-1 CD74::ROS1 detected in a Lung Adenocarcinoma tumor specimen.,human_review_for_partner,needs_human_review,0.76
OR-0030,NSCLC-P015,NSCLC-S030,NSCLC,Non-Small Cell Lung Cancer,cbioportal_like_tsv,CBIOPORTAL_LIKE_TSV-0030,P53,TP53,p.Arg175His,p.Arg175His,SNV,c.524G>A,pathogenic/contextual,none standard,HGNC; HGVS; ClinVar; CIViC; source_text,TP53 R175H reported as pathogenic in cancer predisposition/somatic contexts,Common tumor suppressor mutation; prognostic/contextual rather than direct targeted therapy,Report finding: P53 p.Arg175His detected in a Lung Adenocarcinoma tumor specimen.,auto,auto_reconcile,0.77
OR-0031,NSCLC-P016,NSCLC-S031,Lung Adenocarcinoma,Non-Small Cell Lung Cancer,tcga_like_maf,TCGA_LIKE_MAF-0031,MET,MET,MET exon14 skip,MET exon 14 skipping,splice,various splice-site alterations,splice/actionable,capmatinib; tepotinib,HGNC; HGVS; ClinVar; CIViC; source_text,MET exon 14 skipping can arise from multiple splice-region variants,Predictive biomarker for MET inhibitor sensitivity in NSCLC,Report finding: MET MET exon14 skip detected in a Non-small cell lung cancer tumor specimen.,human_review_due_to_multiple_variants,needs_human_review,0.97
OR-0032,NSCLC-P016,NSCLC-S032,Non-small cell lung cancer,Non-Small Cell Lung Cancer,manual_csv,MANUAL_CSV-0032,EGFR,EGFR,p.Leu858Arg,p.Leu858Arg,SNV,c.2573T>G,pathogenic/actionable,osimertinib,HGNC; HGVS; ClinVar; CIViC; source_text,Pathogenic EGFR activating mutation,Predictive biomarker for EGFR inhibitor sensitivity in NSCLC,Report finding: EGFR p.Leu858Arg detected in a NSCLC tumor specimen.,auto,auto_reconcile,0.81
OR-0033,NSCLC-P017,NSCLC-S033,Non-small cell lung cancer,Non-Small Cell Lung Cancer,manual_csv,MANUAL_CSV-0033,KRAS,KRAS,KRAS G12C,p.Gly12Cys,SNV,c.34G>T,oncogenic/actionable,sotorasib; adagrasib,HGNC; HGVS; ClinVar; CIViC; source_text,KRAS G12C reported as pathogenic/oncogenic in cancer contexts,Predictive biomarker for KRAS G12C inhibitors in NSCLC,Report finding: KRAS KRAS G12C detected in a NSCLC tumor specimen.,auto,auto_reconcile,0.88
OR-0034,NSCLC-P017,NSCLC-S034,NSCLC,Non-Small Cell Lung Cancer,cbioportal_like_tsv,CBIOPORTAL_LIKE_TSV-0034,KRAS,KRAS,p.G12C,p.Gly12Cys,SNV,c.34G>T,oncogenic/actionable,sotorasib; adagrasib,HGNC; HGVS; ClinVar; CIViC; source_text,KRAS G12C reported as pathogenic/oncogenic in cancer contexts,Predictive biomarker for KRAS G12C inhibitors in NSCLC,Report finding: KRAS p.G12C detected in a NSCLC tumor specimen.,auto,auto_reconcile,0.85
OR-0035,NSCLC-P018,NSCLC-S035,Non-small cell lung cancer,Non-Small Cell Lung Cancer,synthetic_pdf,SYNTHETIC_PDF-0035,BRAF,BRAF,V600E,p.Val600Glu,SNV,c.1799T>A,oncogenic/actionable,dabrafenib + trametinib,HGNC; HGVS; ClinVar; CIViC; source_text,BRAF V600E reported as pathogenic/oncogenic,Predictive biomarker for BRAF/MEK inhibitor sensitivity in selected cancers including NSCLC,Report finding: BRAF V600E detected in a LUAD tumor specimen.,auto,auto_reconcile,0.79
OR-0036,NSCLC-P018,NSCLC-S036,Non-small cell lung cancer,Non-Small Cell Lung Cancer,cbioportal_like_tsv,CBIOPORTAL_LIKE_TSV-0036,P53,TP53,TP53 R175H,p.Arg175His,SNV,c.524G>A,pathogenic/contextual,none standard,HGNC; HGVS; ClinVar; CIViC; source_text,TP53 R175H reported as pathogenic in cancer predisposition/somatic contexts,Common tumor suppressor mutation; prognostic/contextual rather than direct targeted therapy,Report finding: P53 TP53 R175H detected in a Non-small cell lung cancer tumor specimen.,auto,auto_reconcile,0.74
OR-0037,NSCLC-P019,NSCLC-S037,NSCLC,Non-Small Cell Lung Cancer,cbioportal_like_tsv,CBIOPORTAL_LIKE_TSV-0037,EGFR,EGFR,p.L858R,p.Leu858Arg,SNV,c.2573T>G,pathogenic/actionable,osimertinib,HGNC; HGVS; ClinVar; CIViC; source_text,Pathogenic EGFR activating mutation,Predictive biomarker for EGFR inhibitor sensitivity in NSCLC,Report finding: EGFR p.L858R detected in a Non-small cell lung cancer tumor specimen.,auto,auto_reconcile,0.77
OR-0038,NSCLC-P019,NSCLC-S038,Non-small cell lung cancer,Non-Small Cell Lung Cancer,cbioportal_like_tsv,CBIOPORTAL_LIKE_TSV-0038,HER2,ERBB2,ERBB2 amplification,ERBB2 amplification,amplification,copy number gain,copy_number/actionable_contextual,trastuzumab deruxtecan context,HGNC; HGVS; ClinVar; CIViC; source_text,Copy-number evidence usually assay/report based,ERBB2/HER2 alteration may support HER2-targeted therapy evidence depending on context,Report finding: HER2 ERBB2 amplification detected in a Lung Adenocarcinoma tumor specimen.,auto_gene_alias_needed,auto_reconcile,0.94
OR-0039,NSCLC-P020,NSCLC-S039,LUAD,Non-Small Cell Lung Cancer,tcga_like_maf,TCGA_LIKE_MAF-0039,EGFR,EGFR,c.2573T>G,p.Leu858Arg,SNV,c.2573T>G,pathogenic/actionable,osimertinib,HGNC; HGVS; ClinVar; CIViC; source_text,Pathogenic EGFR activating mutation,Predictive biomarker for EGFR inhibitor sensitivity in NSCLC,Report finding: EGFR c.2573T>G detected in a NSCLC tumor specimen.,auto,auto_reconcile,0.83
OR-0040,NSCLC-P020,NSCLC-S040,LUAD,Non-Small Cell Lung Cancer,synthetic_pdf,SYNTHETIC_PDF-0040,RET,RET,KIF5B::RET,RET fusion,fusion,NA,fusion/actionable,selpercatinib; pralsetinib,HGNC; HGVS; ClinVar; CIViC; source_text,Fusion evidence often comes from report/knowledgebase,Predictive biomarker for RET inhibitor sensitivity in NSCLC,Report finding: RET KIF5B::RET detected in a LUAD tumor specimen.,human_review_for_partner,needs_human_review,0.82
OR-0041,NSCLC-P021,NSCLC-S041,NSCLC,Non-Small Cell Lung Cancer,tcga_like_maf,TCGA_LIKE_MAF-0041,EGFR,EGFR,p.L858R,p.Leu858Arg,SNV,c.2573T>G,pathogenic/actionable,osimertinib,HGNC; HGVS; ClinVar; CIViC; source_text,Pathogenic EGFR activating mutation,Predictive biomarker for EGFR inhibitor sensitivity in NSCLC,Report finding: EGFR p.L858R detected in a Lung Adenocarcinoma tumor specimen.,auto,auto_reconcile,0.76
OR-0042,NSCLC-P021,NSCLC-S042,NSCLC,Non-Small Cell Lung Cancer,genie_like_maf,GENIE_LIKE_MAF-0042,ROS-1,ROS1,ROS1 fusion,ROS1 fusion,fusion,NA,fusion/actionable,crizotinib; entrectinib,HGNC; HGVS; ClinVar; CIViC; source_text,Fusion evidence often comes from clinical report/knowledgebase rather than SNV record,Predictive biomarker for ROS1 inhibitor sensitivity in NSCLC,Report finding: ROS-1 ROS1 fusion detected in a NSCLC tumor specimen.,human_review_for_partner,needs_human_review,0.73
OR-0043,NSCLC-P022,NSCLC-S043,NSCLC,Non-Small Cell Lung Cancer,cbioportal_like_tsv,CBIOPORTAL_LIKE_TSV-0043,TP53,TP53,R175H,p.Arg175His,SNV,c.524G>A,pathogenic/contextual,none standard,HGNC; HGVS; ClinVar; CIViC; source_text,TP53 R175H reported as pathogenic in cancer predisposition/somatic contexts,Common tumor suppressor mutation; prognostic/contextual rather than direct targeted therapy,Report finding: TP53 R175H detected in a NSCLC tumor specimen.,auto,auto_reconcile,0.73
OR-0044,NSCLC-P022,NSCLC-S044,NSCLC,Non-Small Cell Lung Cancer,manual_csv,MANUAL_CSV-0044,KRAS,KRAS,p.Gly12Cys,p.Gly12Cys,SNV,c.34G>T,oncogenic/actionable,sotorasib; adagrasib,HGNC; HGVS; ClinVar; CIViC; source_text,KRAS G12C reported as pathogenic/oncogenic in cancer contexts,Predictive biomarker for KRAS G12C inhibitors in NSCLC,Report finding: KRAS p.Gly12Cys detected in a Non-small cell lung cancer tumor specimen.,auto,auto_reconcile,0.79
OR-0045,NSCLC-P023,NSCLC-S045,Non-small cell lung cancer,Non-Small Cell Lung Cancer,synthetic_pdf,SYNTHETIC_PDF-0045,ALK,ALK,EML4-ALK,ALK fusion,fusion,NA,fusion/actionable,alectinib; crizotinib; lorlatinib,HGNC; HGVS; ClinVar; CIViC; source_text,Structural fusion evidence may be assay/report based rather than simple SNV ClinVar record,Predictive biomarker for ALK inhibitor sensitivity in NSCLC,Report finding: ALK EML4-ALK detected in a LUAD tumor specimen.,human_review_for_partner,needs_human_review,0.89
OR-0046,NSCLC-P023,NSCLC-S046,NSCLC,Non-Small Cell Lung Cancer,manual_csv,MANUAL_CSV-0046,MET,MET,MET splice exon 14,MET exon 14 skipping,splice,various splice-site alterations,splice/actionable,capmatinib; tepotinib,HGNC; HGVS; ClinVar; CIViC; source_text,MET exon 14 skipping can arise from multiple splice-region variants,Predictive biomarker for MET inhibitor sensitivity in NSCLC,Report finding: MET MET splice exon 14 detected in a NSCLC tumor specimen.,human_review_due_to_multiple_variants,needs_human_review,0.86
OR-0047,NSCLC-P024,NSCLC-S047,Lung Adenocarcinoma,Non-Small Cell Lung Cancer,tcga_like_maf,TCGA_LIKE_MAF-0047,EGFR,EGFR,activating EGFR deletion,p.E746_A750del,deletion,c.2235_2249del,pathogenic/actionable,osimertinib; erlotinib; gefitinib,HGNC; HGVS; ClinVar; CIViC; source_text,Pathogenic/Likely pathogenic reported for EGFR exon 19 deletion representations,Predictive biomarker for sensitivity to EGFR tyrosine kinase inhibitors in NSCLC,Report finding: EGFR activating EGFR deletion detected in a NSCLC tumor specimen.,human_review_if_generic_exon19del,needs_human_review,0.76
OR-0048,NSCLC-P024,NSCLC-S048,Lung Adenocarcinoma,Non-Small Cell Lung Cancer,manual_csv,MANUAL_CSV-0048,ROS1,ROS1,ROS1 positive,ROS1 fusion,fusion,NA,fusion/actionable,crizotinib; entrectinib,HGNC; HGVS; ClinVar; CIViC; source_text,Fusion evidence often comes from clinical report/knowledgebase rather than SNV record,Predictive biomarker for ROS1 inhibitor sensitivity in NSCLC,Report finding: ROS1 ROS1 positive detected in a Non-small cell lung cancer tumor specimen.,human_review_for_partner,needs_human_review,0.9
OR-0049,NSCLC-P025,NSCLC-S049,Lung Adenocarcinoma,Non-Small Cell Lung Cancer,cbioportal_like_tsv,CBIOPORTAL_LIKE_TSV-0049,MET,MET,MET exon 14 deletion,MET exon 14 skipping,splice,various splice-site alterations,splice/actionable,capmatinib; tepotinib,HGNC; HGVS; ClinVar; CIViC; source_text,MET exon 14 skipping can arise from multiple splice-region variants,Predictive biomarker for MET inhibitor sensitivity in NSCLC,Report finding: MET MET exon 14 deletion detected in a Lung Adenocarcinoma tumor specimen.,human_review_due_to_multiple_variants,needs_human_review,0.78
OR-0050,NSCLC-P025,NSCLC-S050,LUAD,Non-Small Cell Lung Cancer,synthetic_pdf,SYNTHETIC_PDF-0050,KRAS,KRAS,G12D,p.Gly12Asp,SNV,c.35G>A,oncogenic,clinical trial context,HGNC; HGVS; ClinVar; CIViC; source_text,KRAS G12D reported as oncogenic/pathogenic in cancer contexts,Oncogenic driver; treatment evidence depends on tumor context and trial availability,Report finding: KRAS G12D detected in a Lung Adenocarcinoma tumor specimen.,auto,auto_reconcile,0.92
OR-0051,NSCLC-P026,NSCLC-S051,NSCLC,Non-Small Cell Lung Cancer,genie_like_maf,GENIE_LIKE_MAF-0051,EGFR,EGFR,c.2573T>G,p.Leu858Arg,SNV,c.2573T>G,pathogenic/actionable,osimertinib,HGNC; HGVS; ClinVar; CIViC; source_text,Pathogenic EGFR activating mutation,Predictive biomarker for EGFR inhibitor sensitivity in NSCLC,Report finding: EGFR c.2573T>G detected in a Non-small cell lung cancer tumor specimen.,auto,auto_reconcile,0.84
OR-0052,NSCLC-P026,NSCLC-S052,NSCLC,Non-Small Cell Lung Cancer,manual_csv,MANUAL_CSV-0052,MET,MET,MET splice exon 14,MET exon 14 skipping,splice,various splice-site alterations,splice/actionable,capmatinib; tepotinib,HGNC; HGVS; ClinVar; CIViC; source_text,MET exon 14 skipping can arise from multiple splice-region variants,Predictive biomarker for MET inhibitor sensitivity in NSCLC,Report finding: MET MET splice exon 14 detected in a Non-small cell lung cancer tumor specimen.,human_review_due_to_multiple_variants,needs_human_review,0.96
OR-0053,NSCLC-P027,NSCLC-S053,LUAD,Non-Small Cell Lung Cancer,tcga_like_maf,TCGA_LIKE_MAF-0053,KRAS,KRAS,c.34G>T,p.Gly12Cys,SNV,c.34G>T,oncogenic/actionable,sotorasib; adagrasib,HGNC; HGVS; ClinVar; CIViC; source_text,KRAS G12C reported as pathogenic/oncogenic in cancer contexts,Predictive biomarker for KRAS G12C inhibitors in NSCLC,Report finding: KRAS c.34G>T detected in a Lung Adenocarcinoma tumor specimen.,auto,auto_reconcile,0.82
OR-0054,NSCLC-P027,NSCLC-S054,LUAD,Non-Small Cell Lung Cancer,tcga_like_maf,TCGA_LIKE_MAF-0054,BRAF,BRAF,V600E,p.Val600Glu,SNV,c.1799T>A,oncogenic/actionable,dabrafenib + trametinib,HGNC; HGVS; ClinVar; CIViC; source_text,BRAF V600E reported as pathogenic/oncogenic,Predictive biomarker for BRAF/MEK inhibitor sensitivity in selected cancers including NSCLC,Report finding: BRAF V600E detected in a Lung Adenocarcinoma tumor specimen.,auto,auto_reconcile,0.78
OR-0055,NSCLC-P028,NSCLC-S055,Non-small cell lung cancer,Non-Small Cell Lung Cancer,tcga_like_maf,TCGA_LIKE_MAF-0055,KRAS,KRAS,G12D,p.Gly12Asp,SNV,c.35G>A,oncogenic,clinical trial context,HGNC; HGVS; ClinVar; CIViC; source_text,KRAS G12D reported as oncogenic/pathogenic in cancer contexts,Oncogenic driver; treatment evidence depends on tumor context and trial availability,Report finding: KRAS G12D detected in a NSCLC tumor specimen.,auto,auto_reconcile,0.79
OR-0056,NSCLC-P028,NSCLC-S056,Lung Adenocarcinoma,Non-Small Cell Lung Cancer,tcga_like_maf,TCGA_LIKE_MAF-0056,EGFR,EGFR,c.2369C>T,p.Thr790Met,SNV,c.2369C>T,resistance/actionable,osimertinib,HGNC; HGVS; ClinVar; CIViC; source_text,EGFR T790M reported as clinically significant resistance mutation,Resistance biomarker for earlier-generation EGFR inhibitors; targetable by osimertinib,Report finding: EGFR c.2369C>T detected in a LUAD tumor specimen.,auto,auto_reconcile,0.95
OR-0057,NSCLC-P029,NSCLC-S057,LUAD,Non-Small Cell Lung Cancer,tcga_like_maf,TCGA_LIKE_MAF-0057,EGFR,EGFR,p.T790M,p.Thr790Met,SNV,c.2369C>T,resistance/actionable,osimertinib,HGNC; HGVS; ClinVar; CIViC; source_text,EGFR T790M reported as clinically significant resistance mutation,Resistance biomarker for earlier-generation EGFR inhibitors; targetable by osimertinib,Report finding: EGFR p.T790M detected in a LUAD tumor specimen.,auto,auto_reconcile,0.81
OR-0058,NSCLC-P029,NSCLC-S058,Lung Adenocarcinoma,Non-Small Cell Lung Cancer,genie_like_maf,GENIE_LIKE_MAF-0058,KRAS,KRAS,p.Gly12Cys,p.Gly12Cys,SNV,c.34G>T,oncogenic/actionable,sotorasib; adagrasib,HGNC; HGVS; ClinVar; CIViC; source_text,KRAS G12C reported as pathogenic/oncogenic in cancer contexts,Predictive biomarker for KRAS G12C inhibitors in NSCLC,Report finding: KRAS p.Gly12Cys detected in a Non-small cell lung cancer tumor specimen.,auto,auto_reconcile,0.73
OR-0059,NSCLC-P030,NSCLC-S059,Lung Adenocarcinoma,Non-Small Cell Lung Cancer,cbioportal_like_tsv,CBIOPORTAL_LIKE_TSV-0059,MET,MET,MET splice exon 14,MET exon 14 skipping,splice,various splice-site alterations,splice/actionable,capmatinib; tepotinib,HGNC; HGVS; ClinVar; CIViC; source_text,MET exon 14 skipping can arise from multiple splice-region variants,Predictive biomarker for MET inhibitor sensitivity in NSCLC,Report finding: MET MET splice exon 14 detected in a LUAD tumor specimen.,human_review_due_to_multiple_variants,needs_human_review,0.81
OR-0060,NSCLC-P030,NSCLC-S060,Lung Adenocarcinoma,Non-Small Cell Lung Cancer,synthetic_pdf,SYNTHETIC_PDF-0060,ERBB-2,ERBB2,HER2 amp,ERBB2 amplification,amplification,copy number gain,copy_number/actionable_contextual,trastuzumab deruxtecan context,HGNC; HGVS; ClinVar; CIViC; source_text,Copy-number evidence usually assay/report based,ERBB2/HER2 alteration may support HER2-targeted therapy evidence depending on context,Report finding: ERBB-2 HER2 amp detected in a NSCLC tumor specimen.,auto_gene_alias_needed,auto_reconcile,0.97
OR-0061,NSCLC-P031,NSCLC-S061,Non-small cell lung cancer,Non-Small Cell Lung Cancer,genie_like_maf,GENIE_LIKE_MAF-0061,EGFR,EGFR,L858R,p.Leu858Arg,SNV,c.2573T>G,pathogenic/actionable,osimertinib,HGNC; HGVS; ClinVar; CIViC; source_text,Pathogenic EGFR activating mutation,Predictive biomarker for EGFR inhibitor sensitivity in NSCLC,Report finding: EGFR L858R detected in a Lung Adenocarcinoma tumor specimen.,auto,auto_reconcile,0.96
OR-0062,NSCLC-P031,NSCLC-S062,LUAD,Non-Small Cell Lung Cancer,tcga_like_maf,TCGA_LIKE_MAF-0062,EGFR,EGFR,p.Thr790Met,p.Thr790Met,SNV,c.2369C>T,resistance/actionable,osimertinib,HGNC; HGVS; ClinVar; CIViC; source_text,EGFR T790M reported as clinically significant resistance mutation,Resistance biomarker for earlier-generation EGFR inhibitors; targetable by osimertinib,Report finding: EGFR p.Thr790Met detected in a Non-small cell lung cancer tumor specimen.,auto,auto_reconcile,0.83
OR-0063,NSCLC-P032,NSCLC-S063,LUAD,Non-Small Cell Lung Cancer,manual_csv,MANUAL_CSV-0063,MET,MET,MET exon 14 deletion,MET exon 14 skipping,splice,various splice-site alterations,splice/actionable,capmatinib; tepotinib,HGNC; HGVS; ClinVar; CIViC; source_text,MET exon 14 skipping can arise from multiple splice-region variants,Predictive biomarker for MET inhibitor sensitivity in NSCLC,Report finding: MET MET exon 14 deletion detected in a Non-small cell lung cancer tumor specimen.,human_review_due_to_multiple_variants,needs_human_review,0.74
OR-0064,NSCLC-P032,NSCLC-S064,LUAD,Non-Small Cell Lung Cancer,tcga_like_maf,TCGA_LIKE_MAF-0064,EGFR,EGFR,p.E746_A750del,p.E746_A750del,deletion,c.2235_2249del,pathogenic/actionable,osimertinib; erlotinib; gefitinib,HGNC; HGVS; ClinVar; CIViC; source_text,Pathogenic/Likely pathogenic reported for EGFR exon 19 deletion representations,Predictive biomarker for sensitivity to EGFR tyrosine kinase inhibitors in NSCLC,Report finding: EGFR p.E746_A750del detected in a Lung Adenocarcinoma tumor specimen.,human_review_if_generic_exon19del,needs_human_review,0.79
OR-0065,NSCLC-P033,NSCLC-S065,Non-small cell lung cancer,Non-Small Cell Lung Cancer,synthetic_pdf,SYNTHETIC_PDF-0065,EGFR,EGFR,p.E746_A750del,p.E746_A750del,deletion,c.2235_2249del,pathogenic/actionable,osimertinib; erlotinib; gefitinib,HGNC; HGVS; ClinVar; CIViC; source_text,Pathogenic/Likely pathogenic reported for EGFR exon 19 deletion representations,Predictive biomarker for sensitivity to EGFR tyrosine kinase inhibitors in NSCLC,Report finding: EGFR p.E746_A750del detected in a Lung Adenocarcinoma tumor specimen.,human_review_if_generic_exon19del,needs_human_review,0.88
OR-0066,NSCLC-P033,NSCLC-S066,Lung Adenocarcinoma,Non-Small Cell Lung Cancer,genie_like_maf,GENIE_LIKE_MAF-0066,KRAS,KRAS,G12C,p.Gly12Cys,SNV,c.34G>T,oncogenic/actionable,sotorasib; adagrasib,HGNC; HGVS; ClinVar; CIViC; source_text,KRAS G12C reported as pathogenic/oncogenic in cancer contexts,Predictive biomarker for KRAS G12C inhibitors in NSCLC,Report finding: KRAS G12C detected in a LUAD tumor specimen.,auto,auto_reconcile,0.72
OR-0067,NSCLC-P034,NSCLC-S067,NSCLC,Non-Small Cell Lung Cancer,genie_like_maf,GENIE_LIKE_MAF-0067,MET,MET,MET splice exon 14,MET exon 14 skipping,splice,various splice-site alterations,splice/actionable,capmatinib; tepotinib,HGNC; HGVS; ClinVar; CIViC; source_text,MET exon 14 skipping can arise from multiple splice-region variants,Predictive biomarker for MET inhibitor sensitivity in NSCLC,Report finding: MET MET splice exon 14 detected in a Lung Adenocarcinoma tumor specimen.,human_review_due_to_multiple_variants,needs_human_review,0.86
OR-0068,NSCLC-P034,NSCLC-S068,Non-small cell lung cancer,Non-Small Cell Lung Cancer,tcga_like_maf,TCGA_LIKE_MAF-0068,KRAS,KRAS,G12C,p.Gly12Cys,SNV,c.34G>T,oncogenic/actionable,sotorasib; adagrasib,HGNC; HGVS; ClinVar; CIViC; source_text,KRAS G12C reported as pathogenic/oncogenic in cancer contexts,Predictive biomarker for KRAS G12C inhibitors in NSCLC,Report finding: KRAS G12C detected in a Lung Adenocarcinoma tumor specimen.,auto,auto_reconcile,0.77
OR-0069,NSCLC-P035,NSCLC-S069,NSCLC,Non-Small Cell Lung Cancer,manual_csv,MANUAL_CSV-0069,KRAS,KRAS,p.Gly12Asp,p.Gly12Asp,SNV,c.35G>A,oncogenic,clinical trial context,HGNC; HGVS; ClinVar; CIViC; source_text,KRAS G12D reported as oncogenic/pathogenic in cancer contexts,Oncogenic driver; treatment evidence depends on tumor context and trial availability,Report finding: KRAS p.Gly12Asp detected in a Non-small cell lung cancer tumor specimen.,auto,auto_reconcile,0.84
OR-0070,NSCLC-P035,NSCLC-S070,Non-small cell lung cancer,Non-Small Cell Lung Cancer,genie_like_maf,GENIE_LIKE_MAF-0070,RET,RET,KIF5B-RET,RET fusion,fusion,NA,fusion/actionable,selpercatinib; pralsetinib,HGNC; HGVS; ClinVar; CIViC; source_text,Fusion evidence often comes from report/knowledgebase,Predictive biomarker for RET inhibitor sensitivity in NSCLC,Report finding: RET KIF5B-RET detected in a Lung Adenocarcinoma tumor specimen.,human_review_for_partner,needs_human_review,0.98
OR-0071,NSCLC-P036,NSCLC-S071,NSCLC,Non-Small Cell Lung Cancer,synthetic_pdf,SYNTHETIC_PDF-0071,EGFR,EGFR,Ex19del,p.E746_A750del,deletion,c.2235_2249del,pathogenic/actionable,osimertinib; erlotinib; gefitinib,HGNC; HGVS; ClinVar; CIViC; source_text,Pathogenic/Likely pathogenic reported for EGFR exon 19 deletion representations,Predictive biomarker for sensitivity to EGFR tyrosine kinase inhibitors in NSCLC,Report finding: EGFR Ex19del detected in a LUAD tumor specimen.,human_review_if_generic_exon19del,needs_human_review,0.78
OR-0072,NSCLC-P036,NSCLC-S072,LUAD,Non-Small Cell Lung Cancer,cbioportal_like_tsv,CBIOPORTAL_LIKE_TSV-0072,ROS-1,ROS1,ROS1 rearrangement,ROS1 fusion,fusion,NA,fusion/actionable,crizotinib; entrectinib,HGNC; HGVS; ClinVar; CIViC; source_text,Fusion evidence often comes from clinical report/knowledgebase rather than SNV record,Predictive biomarker for ROS1 inhibitor sensitivity in NSCLC,Report finding: ROS-1 ROS1 rearrangement detected in a Non-small cell lung cancer tumor specimen.,human_review_for_partner,needs_human_review,0.9
OR-0073,NSCLC-P037,NSCLC-S073,NSCLC,Non-Small Cell Lung Cancer,tcga_like_maf,TCGA_LIKE_MAF-0073,KRAS,KRAS,p.Gly12Cys,p.Gly12Cys,SNV,c.34G>T,oncogenic/actionable,sotorasib; adagrasib,HGNC; HGVS; ClinVar; CIViC; source_text,KRAS G12C reported as pathogenic/oncogenic in cancer contexts,Predictive biomarker for KRAS G12C inhibitors in NSCLC,Report finding: KRAS p.Gly12Cys detected in a LUAD tumor specimen.,auto,auto_reconcile,0.98
OR-0074,NSCLC-P037,NSCLC-S074,Lung Adenocarcinoma,Non-Small Cell Lung Cancer,synthetic_pdf,SYNTHETIC_PDF-0074,EGFR,EGFR,exon 19 deletion,p.E746_A750del,deletion,c.2235_2249del,pathogenic/actionable,osimertinib; erlotinib; gefitinib,HGNC; HGVS; ClinVar; CIViC; source_text,Pathogenic/Likely pathogenic reported for EGFR exon 19 deletion representations,Predictive biomarker for sensitivity to EGFR tyrosine kinase inhibitors in NSCLC,Report finding: EGFR exon 19 deletion detected in a Non-small cell lung cancer tumor specimen.,human_review_if_generic_exon19del,needs_human_review,0.83
OR-0075,NSCLC-P038,NSCLC-S075,Non-small cell lung cancer,Non-Small Cell Lung Cancer,cbioportal_like_tsv,CBIOPORTAL_LIKE_TSV-0075,EGFR,EGFR,Ex19del,p.E746_A750del,deletion,c.2235_2249del,pathogenic/actionable,osimertinib; erlotinib; gefitinib,HGNC; HGVS; ClinVar; CIViC; source_text,Pathogenic/Likely pathogenic reported for EGFR exon 19 deletion representations,Predictive biomarker for sensitivity to EGFR tyrosine kinase inhibitors in NSCLC,Report finding: EGFR Ex19del detected in a NSCLC tumor specimen.,human_review_if_generic_exon19del,needs_human_review,0.9
OR-0076,NSCLC-P038,NSCLC-S076,NSCLC,Non-Small Cell Lung Cancer,tcga_like_maf,TCGA_LIKE_MAF-0076,EGFR,EGFR,activating EGFR deletion,p.E746_A750del,deletion,c.2235_2249del,pathogenic/actionable,osimertinib; erlotinib; gefitinib,HGNC; HGVS; ClinVar; CIViC; source_text,Pathogenic/Likely pathogenic reported for EGFR exon 19 deletion representations,Predictive biomarker for sensitivity to EGFR tyrosine kinase inhibitors in NSCLC,Report finding: EGFR activating EGFR deletion detected in a Non-small cell lung cancer tumor specimen.,human_review_if_generic_exon19del,needs_human_review,0.84
OR-0077,NSCLC-P039,NSCLC-S077,Non-small cell lung cancer,Non-Small Cell Lung Cancer,genie_like_maf,GENIE_LIKE_MAF-0077,KRAS,KRAS,p.Gly12Asp,p.Gly12Asp,SNV,c.35G>A,oncogenic,clinical trial context,HGNC; HGVS; ClinVar; CIViC; source_text,KRAS G12D reported as oncogenic/pathogenic in cancer contexts,Oncogenic driver; treatment evidence depends on tumor context and trial availability,Report finding: KRAS p.Gly12Asp detected in a NSCLC tumor specimen.,auto,auto_reconcile,0.73
OR-0078,NSCLC-P039,NSCLC-S078,NSCLC,Non-Small Cell Lung Cancer,genie_like_maf,GENIE_LIKE_MAF-0078,KRAS,KRAS,p.G12D,p.Gly12Asp,SNV,c.35G>A,oncogenic,clinical trial context,HGNC; HGVS; ClinVar; CIViC; source_text,KRAS G12D reported as oncogenic/pathogenic in cancer contexts,Oncogenic driver; treatment evidence depends on tumor context and trial availability,Report finding: KRAS p.G12D detected in a Lung Adenocarcinoma tumor specimen.,auto,auto_reconcile,0.81
OR-0079,NSCLC-P040,NSCLC-S079,NSCLC,Non-Small Cell Lung Cancer,genie_like_maf,GENIE_LIKE_MAF-0079,EGFR,EGFR,c.2573T>G,p.Leu858Arg,SNV,c.2573T>G,pathogenic/actionable,osimertinib,HGNC; HGVS; ClinVar; CIViC; source_text,Pathogenic EGFR activating mutation,Predictive biomarker for EGFR inhibitor sensitivity in NSCLC,Report finding: EGFR c.2573T>G detected in a NSCLC tumor specimen.,auto,auto_reconcile,0.85
OR-0080,NSCLC-P040,NSCLC-S080,Lung Adenocarcinoma,Non-Small Cell Lung Cancer,genie_like_maf,GENIE_LIKE_MAF-0080,EGFR,EGFR,Ex19del,p.E746_A750del,deletion,c.2235_2249del,pathogenic/actionable,osimertinib; erlotinib; gefitinib,HGNC; HGVS; ClinVar; CIViC; source_text,Pathogenic/Likely pathogenic reported for EGFR exon 19 deletion representations,Predictive biomarker for sensitivity to EGFR tyrosine kinase inhibitors in NSCLC,Report finding: EGFR Ex19del detected in a NSCLC tumor specimen.,human_review_if_generic_exon19del,needs_human_review,0.82
